# Host: localhost  (Version: 5.5.53)
# Date: 2019-06-27 20:03:21
# Generator: MySQL-Front 5.3  (Build 4.234)

#
# Structure for table "my_auth"
#

DROP TABLE IF EXISTS `my_auth`;
CREATE TABLE `my_auth` (
  `id` int(11) NOT NULL AUTO_INCREMENT,
  `title` varchar(25) NOT NULL COMMENT '标题',
  `pid` int(11) NOT NULL COMMENT '上一级id',
  `is_menu` tinyint(1) NOT NULL DEFAULT '0' COMMENT '是否是菜单项',
  `auth` varchar(35) DEFAULT NULL COMMENT '规则',
  `sort` tinyint(2) NOT NULL DEFAULT '0' COMMENT '排序',
  `menu_id` int(11) NOT NULL DEFAULT '0' COMMENT '归属菜单id',
  `icon_code` varchar(25) DEFAULT NULL COMMENT '图标code',
  PRIMARY KEY (`id`)
) ENGINE=InnoDB AUTO_INCREMENT=129 DEFAULT CHARSET=utf8 COMMENT='规则信息表';

#
# Data for table "my_auth"
#

INSERT INTO `my_auth` VALUES (1,'后台管理',0,0,NULL,0,1,'&#xe6bf;'),(2,'进入系统',1,0,'admin/index/index',0,1,''),(3,'退出系统',1,0,'admin/index/logout',0,1,'&#xe6bf;'),(4,'用户管理',0,1,NULL,0,1,'&#xe62e;'),(5,'规则管理',4,1,'admin/auth/index',0,1,'&#xe6bf;'),(6,'新增规则',5,0,'admin/auth/add',0,1,''),(7,'修改规则',5,0,'admin/auth/edit',0,1,'&#xe6bf;'),(8,'删除规则',5,0,'admin/auth/delete',0,1,'&#xe6bf;'),(9,'角色管理',4,1,'admin/role/index',0,1,'&#xe6bf;'),(10,'新增角色',9,0,'admin/role/add',0,1,'&#xe6bf;'),(11,'修改角色',9,0,'admin/role/edit',0,1,'&#xe6bf;'),(12,'删除角色',9,0,'admin/role/delete',0,1,'&#xe6bf;'),(13,'权限设置',9,0,'admin/role/set',0,1,''),(14,'管理员管理',4,1,'admin/user/index',0,1,'&#xe6bf;'),(15,'新增管理员',14,0,'admin/user/add',0,1,'&#xe6bf;'),(16,'修改管理员',14,0,'admin/user/edit',0,1,'&#xe6bf;'),(17,'数据管理',0,1,'',0,1,'&#xe6b6;'),(18,'系统日志',17,1,'admin/log/index',0,1,'&#xe6bf;'),(19,'欢迎界面',1,0,'admin/index/welcome',0,1,'&#xe6bf;'),(20,'删除管理员',14,0,'admin/user/delete',0,1,'&#xe6bf;'),(21,'启/禁管理员',14,0,'admin/user/set',0,1,''),(22,'数据备份',17,1,'admin/backup/index',0,1,'&#xe6bf;'),(23,'数据还原',17,1,'admin/recovery/index',0,1,'&#xe6bf;'),(24,'基础信息管理',0,1,'',0,2,'&#xe616;'),(25,'房间类别',24,1,'admin/fjlb/index',0,2,'&#xe6bf;'),(26,'房间信息',24,1,'admin/fjxx/index',0,2,'&#xe6bf;'),(27,'出殡方式',24,1,'admin/cbfs/index',0,2,'&#xe6bf;'),(28,'告别厅',24,1,'admin/gbt/index',0,2,'&#xe6bf;'),(29,'火化炉',24,1,'admin/hhl/index',0,2,'&#xe6bf;'),(30,'死亡原因',24,1,'admin/swyy/index',0,2,'&#xe6bf;'),(31,'与死者关系',24,1,'admin/yszgx/index',0,2,''),(32,'新增类别',25,0,'admin/fjlb/add',0,2,''),(33,'修改类别',25,0,'admin/fjlb/edit',0,2,''),(34,'删除类别',25,0,'admin/fjlb/delete',0,1,''),(35,'新增房间',26,0,'admin/fjxx/add',0,2,''),(36,'修改房间',26,0,'admin/fjxx/edit',0,2,''),(37,'删除房间',26,0,'admin/fjxx/delete',0,2,''),(38,'启/禁房间',26,0,'admin/fjxx/set',0,2,''),(39,'新增出殡方式',27,0,'admin/cbfs/add',0,2,''),(40,'修改出殡方式',27,0,'admin/cbfs/edit',0,2,''),(41,'删除出殡方式',27,0,'admin/cbfs/delete',0,2,''),(42,'新增告别厅',28,0,'admin/gbt/add',0,2,''),(43,'修改告别厅',28,0,'admin/gbt/edit',0,2,''),(44,'删除告别厅',28,0,'admin/gbt/delete',0,2,''),(45,'新增火化炉',29,0,'admin/hhl/add',0,2,''),(46,'修改火化炉',29,0,'admin/hhl/edit',0,2,''),(47,'删除火化炉',29,0,'admin/hhl/delete',0,2,''),(48,'新增死亡原因',30,0,'admin/swyy/add',0,2,''),(49,'修改死亡原因',30,0,'admin/swyy/edit',0,2,''),(50,'删除死亡原因',30,0,'admin/swyy/delete',0,2,''),(51,'新增关系',31,0,'admin/yszgx/add',0,2,''),(52,'修改关系',31,0,'admin/yszgx/edit',0,2,''),(53,'删除关系',31,0,'admin/yszgx/delete',0,2,''),(54,'前台字典管理',0,1,'',0,2,'&#xe720;'),(55,'值班人管理',54,1,'admin/zbr/index',0,2,''),(56,'新增值班人',55,0,'admin/zbr/add',0,2,''),(57,'修改值班人',55,0,'admin/zbr/edit',0,2,''),(58,'删除值班人',55,0,'admin/zbr/delete',0,2,''),(59,'区县管理',54,1,'admin/qxgl/index',0,2,''),(60,'新增区县',59,0,'admin/qxgl/add',0,2,''),(61,'修改区县',59,0,'admin/qxgl/edit',0,2,''),(62,'删除区县',59,0,'admin/qxgl/delete',0,2,''),(63,'遗体运送方式',54,1,'admin/ytysfs/index',0,2,''),(64,'新增运送方式',63,0,'admin/ytysfs/add',0,2,''),(65,'修改运送方式',63,0,'admin/ytysfs/edit',0,2,''),(66,'删除运送方式',63,0,'admin/ytysfs/delete',0,2,''),(67,'证件管理',54,1,'admin/zj/index',0,2,''),(68,'新增证件',67,0,'admin/zj/add',0,2,''),(69,'修改证件',67,0,'admin/zj/edit',0,2,''),(70,'删除证件',67,0,'admin/zj/delete',0,2,''),(71,'司仪管理',54,1,'admin/sy/index',0,2,''),(72,'新增司仪',71,0,'admin/sy/add',0,2,''),(73,'修改司仪',71,0,'admin/sy/edit',0,2,''),(74,'删除司仪',71,0,'admin/sy/delete',0,2,''),(75,'营业室字典管理',0,1,'',0,2,''),(76,'财务项目管理',75,1,'admin/cwxm/index',0,2,''),(77,'新增财务项目',76,0,'admin/cwxm/add',0,2,''),(78,'修改财务项目',76,0,'admin/cwxm/edit',0,2,''),(79,'删除财务项目',76,0,'admin/cwxm/delete',0,2,''),(80,'退款项目管理',75,1,'admin/tkxm/index',0,2,''),(81,'新增退款项目',80,0,'admin/tkxm/add',0,2,''),(82,'修改退款项目',80,0,'admin/tkxm/edit',0,2,''),(83,'删除退款项目',80,0,'admin/tkxm/delete',0,2,''),(84,'减免类型管理',75,1,'admin/jmlx/index',0,2,''),(85,'新增减免类型',84,0,'admin/jmlx/add',0,2,''),(86,'修改减免类型',84,0,'admin/jmlx/edit',0,2,''),(87,'删除减免类型',84,0,'admin/jmlx/delete',0,2,''),(88,'基础设置',0,1,'',0,5,'&#xe632;'),(89,'仓库管理',88,1,'admin/ckgl/index',0,5,''),(90,'新增仓库',89,0,'admin/ckgl/add',0,5,''),(91,'修改仓库',89,0,'admin/ckgl/edit',0,5,''),(92,'删除仓库',89,0,'admin/ckgl/delete',0,5,''),(93,'开启/关闭仓库',89,0,'admin/ckgl/set',0,5,''),(94,'计量单位',88,1,'admin/jldw/index',0,5,''),(95,'新增计量单位',94,0,'admin/jldw/add',0,5,''),(96,'修改计量单位',94,0,'admin/jldw/edit',0,5,''),(97,'删除计量单位',94,0,'admin/jldw/delete',0,5,''),(98,'项目管理',0,1,'',0,5,'&#xe70c;'),(99,'分类管理',98,1,'admin/xmfl/index',0,5,''),(100,'新增分类',99,0,'admin/xmfl/add',0,5,''),(101,'修改分类',99,0,'admin/xmfl/edit',0,5,''),(102,'删除分类',99,0,'admin/xmfl/delete',0,5,''),(103,'基础项目',98,1,'admin/xmxx/index',0,5,''),(104,'新增项目',103,0,'admin/xmxx/add',0,5,''),(105,'修改项目',103,0,'admin/xmxx/edit',0,5,''),(106,'删除项目',103,0,'admin/xmxx/delete',0,5,''),(107,'项目列表',103,0,'admin/xmxx/xmlist',0,5,''),(108,'作业管理',0,1,'',0,5,'&#xe692;'),(109,'入库作业',108,1,'admin/rkzy/index',0,5,''),(110,'出库作业',108,1,'admin/ckzy/index',0,5,''),(111,'入库项目',109,0,'admin/rkzy/add',0,5,''),(112,'修改入库项目',109,0,'admin/rkzy/edit',0,5,''),(113,'删除入库项目',109,0,'admin/rkzy/delete',0,5,''),(114,'成套殡品',54,1,'admin/ctbp/index',0,2,''),(115,'新增成套殡品',114,0,'admin/ctbp/add',0,2,''),(117,'删除成套殡品',114,0,'admin/ctbp/delete',0,2,''),(118,'所含项目列表',114,0,'admin/ctbp/xmlist',0,2,''),(119,'新增项目',114,0,'admin/ctbp/addxm',0,2,''),(120,'修改项目',114,0,'admin/ctbp/editxm',0,2,''),(121,'删除项目',114,0,'admin/ctbp/deletexm',0,2,''),(122,'前台管理',0,1,'admin/qtgl/index',0,3,''),(123,'车间管理',0,1,'admin/cjgl/index',0,3,''),(124,'尸检所管理',0,1,'admin/sjsgl/index',0,3,''),(125,'结账管理',0,1,'admin/jzgl/index',0,3,''),(126,'预定列表',0,1,'admin/ydlb/index',0,3,''),(127,'外卖管理',0,1,'admin/wmgl/index',0,3,''),(128,'存尸间管理',0,1,'admin/csjgl/index',0,3,'');

#
# Structure for table "my_cbfs"
#

DROP TABLE IF EXISTS `my_cbfs`;
CREATE TABLE `my_cbfs` (
  `id` int(11) NOT NULL AUTO_INCREMENT,
  `title` varchar(25) NOT NULL DEFAULT '' COMMENT '出殡方式',
  `price` decimal(10,2) NOT NULL DEFAULT '0.00' COMMENT '价格',
  PRIMARY KEY (`id`)
) ENGINE=InnoDB AUTO_INCREMENT=36 DEFAULT CHARSET=utf8 COMMENT='出殡方式信息表';

#
# Data for table "my_cbfs"
#

INSERT INTO `my_cbfs` VALUES (1,'古典抬轿A1',500.00),(2,'古典抬轿A2',500.00),(3,'古典抬轿A3',500.00),(4,'古典抬轿A4',500.00),(5,'古典抬轿A5',500.00),(6,'古典抬轿A6',500.00),(7,'古典抬轿A7',500.00),(8,'古典抬轿A8',500.00),(9,'古典抬轿A9',500.00),(10,'古典抬轿B1',500.00),(11,'古典抬轿B2',500.00),(12,'古典抬轿B3',500.00),(13,'古典抬轿B4',500.00),(14,'古典抬轿B5',500.00),(15,'古典抬轿B7',500.00),(16,'古典抬轿B8',500.00),(17,'古典抬轿B9',500.00),(18,'出灵车费01',200.00),(19,'出灵车费02',200.00),(20,'出灵车费03',200.00),(21,'出灵车费04',200.00),(22,'出灵车费05',200.00),(23,'出灵车费06',200.00),(24,'出灵车费07',200.00),(25,'出灵车费08',200.00),(26,'外接火化车费01',450.00),(27,'外接火化车费02',450.00),(28,'外接火化车费03',200.00),(29,'外接火化车费04',200.00),(30,'自来01',0.00),(31,'自来02',0.00),(32,'自来03',0.00),(33,'自来04',0.00),(34,'自来05',0.00),(35,'自来06',0.00);

#
# Structure for table "my_ck"
#

DROP TABLE IF EXISTS `my_ck`;
CREATE TABLE `my_ck` (
  `id` int(11) NOT NULL AUTO_INCREMENT,
  `title` varchar(35) NOT NULL DEFAULT '' COMMENT '仓库名称',
  `lxr` varchar(35) DEFAULT '' COMMENT '联系人',
  `phone` varchar(25) DEFAULT '' COMMENT '联系电话',
  `pid` int(11) NOT NULL DEFAULT '0' COMMENT '上级id',
  `sort` tinyint(3) NOT NULL DEFAULT '0' COMMENT '排序',
  `status` tinyint(1) NOT NULL DEFAULT '0' COMMENT '状态',
  `create_time` int(11) NOT NULL DEFAULT '0',
  `no` varchar(25) DEFAULT NULL,
  PRIMARY KEY (`id`)
) ENGINE=InnoDB AUTO_INCREMENT=5 DEFAULT CHARSET=utf8 ROW_FORMAT=DYNAMIC COMMENT='仓库信息表';

#
# Data for table "my_ck"
#

INSERT INTO `my_ck` VALUES (1,'总仓','test','15112345678',0,0,1,0,NULL),(2,'子仓1','','',1,0,1,0,NULL),(3,'子仓2','','',1,0,1,0,NULL),(4,'子仓3','','',1,0,1,0,NULL);

#
# Structure for table "my_ctbp"
#

DROP TABLE IF EXISTS `my_ctbp`;
CREATE TABLE `my_ctbp` (
  `id` int(11) NOT NULL AUTO_INCREMENT,
  `title` varchar(25) NOT NULL DEFAULT '' COMMENT '名称',
  `totalcounts` int(11) NOT NULL DEFAULT '0' COMMENT '总量',
  `totalprice` decimal(10,2) NOT NULL DEFAULT '0.00' COMMENT '总价',
  `create_time` int(11) NOT NULL DEFAULT '0' COMMENT '创建时间',
  `update_time` int(11) DEFAULT NULL COMMENT '更新时间',
  `status` tinyint(2) NOT NULL DEFAULT '1' COMMENT '状态：0-禁用，1-启用',
  `datas` longtext NOT NULL COMMENT '包含项目信息：json数据',
  PRIMARY KEY (`id`)
) ENGINE=InnoDB AUTO_INCREMENT=6 DEFAULT CHARSET=utf8 COMMENT='成套斌品信息表';

#
# Data for table "my_ctbp"
#

INSERT INTO `my_ctbp` VALUES (1,'殡品一套',0,0.00,1561550812,1561550812,1,'[{\"xm_id\":121,\"nums\":1},{\"xm_id\":120,\"nums\":1},{\"xm_id\":236,\"nums\":1},{\"xm_id\":323,\"nums\":2},{\"xm_id\":258,\"nums\":2},{\"xm_id\":259,\"nums\":3},{\"xm_id\":263,\"nums\":3},{\"xm_id\":351,\"nums\":2},{\"xm_id\":123,\"nums\":1},{\"xm_id\":0,\"nums\":1},{\"xm_id\":279,\"nums\":5},{\"xm_id\":308,\"nums\":1},{\"xm_id\":235,\"nums\":1},{\"xm_id\":105,\"nums\":12},{\"xm_id\":250,\"nums\":1},{\"xm_id\":234,\"nums\":1},{\"xm_id\":288,\"nums\":1},{\"xm_id\":352,\"nums\":1},{\"xm_id\":113,\"nums\":3},{\"xm_id\":133,\"nums\":1},{\"xm_id\":321,\"nums\":1},{\"xm_id\":103,\"nums\":1},{\"xm_id\":357,\"nums\":3},{\"xm_id\":119,\"nums\":8},{\"xm_id\":353,\"nums\":1},{\"xm_id\":310,\"nums\":1},{\"xm_id\":111,\"nums\":3},{\"xm_id\":273,\"nums\":10},{\"xm_id\":255,\"nums\":8},{\"xm_id\":365,\"nums\":8},{\"xm_id\":125,\"nums\":1},{\"xm_id\":324,\"nums\":4}]'),(2,'尸检所',0,0.00,1561550812,1561633495,1,'[{\"xm_id\":90,\"nums\":1},{\"xm_id\":\"236\",\"nums\":1},{\"xm_id\":\"306\",\"nums\":1},{\"xm_id\":\"353\",\"nums\":1},{\"xm_id\":\"361\",\"nums\":\"2\"},{\"xm_id\":\"375\",\"nums\":1}]'),(3,'上望用品',0,0.00,1561550818,1561622406,1,'[{\"xm_id\":294,\"nums\":1},{\"xm_id\":295,\"nums\":1},{\"xm_id\":296,\"nums\":1},{\"xm_id\":297,\"nums\":1},{\"xm_id\":298,\"nums\":1},{\"xm_id\":299,\"nums\":1},{\"xm_id\":300,\"nums\":1},{\"xm_id\":301,\"nums\":1},{\"xm_id\":302,\"nums\":1},{\"xm_id\":303,\"nums\":1},{\"xm_id\":\"304\",\"nums\":1}]'),(4,'教会',0,0.00,1561550823,1561625296,1,'[{\"xm_id\":236,\"nums\":1},{\"xm_id\":\"321\",\"nums\":1},{\"xm_id\":\"353\",\"nums\":1}]'),(5,'现场抬尸',0,0.00,1561550828,1561634938,1,'[{\"xm_id\":1,\"nums\":1},{\"xm_id\":\"8\",\"nums\":1},{\"xm_id\":\"14\",\"nums\":1},{\"xm_id\":\"67\",\"nums\":1},{\"xm_id\":\"70\",\"nums\":1},{\"xm_id\":\"83\",\"nums\":1},{\"xm_id\":\"90\",\"nums\":1}]');

#
# Structure for table "my_cwxm"
#

DROP TABLE IF EXISTS `my_cwxm`;
CREATE TABLE `my_cwxm` (
  `id` int(11) NOT NULL AUTO_INCREMENT,
  `title` varchar(25) NOT NULL DEFAULT '' COMMENT '财务项目',
  `sort` tinyint(2) NOT NULL DEFAULT '0' COMMENT '排序：asc',
  PRIMARY KEY (`id`)
) ENGINE=InnoDB AUTO_INCREMENT=20 DEFAULT CHARSET=utf8 COMMENT='财务项目信息表';

#
# Data for table "my_cwxm"
#

INSERT INTO `my_cwxm` VALUES (1,'火化费',0),(2,'遗物处理',0),(3,'袋',0),(4,'班前车炉',0),(5,'高温垫',0),(6,'告别厅',0),(7,'寄存费',0),(8,'工本费',0),(9,'尸体垫板',0),(10,'花圈',0),(11,'骨灰盒',0),(12,'祭品',0),(13,'抬尸',0),(14,'接尸',0),(15,'消毒',0),(16,'复印费',0),(17,'消毒巾',0),(18,'青纱',0),(19,'党旗',0);

#
# Structure for table "my_fjlb"
#

DROP TABLE IF EXISTS `my_fjlb`;
CREATE TABLE `my_fjlb` (
  `id` int(11) NOT NULL AUTO_INCREMENT,
  `title` varchar(25) NOT NULL DEFAULT '' COMMENT '标题',
  PRIMARY KEY (`id`)
) ENGINE=InnoDB AUTO_INCREMENT=15 DEFAULT CHARSET=utf8 COMMENT='房间类别信息表';

#
# Data for table "my_fjlb"
#

INSERT INTO `my_fjlb` VALUES (1,'豪华间'),(2,'高档间'),(3,'标准间'),(4,'普通间'),(5,'质朴间'),(6,'集体间'),(7,'尸检中心'),(8,'尸检所'),(12,'方法'),(13,'飞飞飞'),(14,'改革');

#
# Structure for table "my_fjxx"
#

DROP TABLE IF EXISTS `my_fjxx`;
CREATE TABLE `my_fjxx` (
  `id` int(11) NOT NULL AUTO_INCREMENT,
  `fjlb_id` int(11) NOT NULL DEFAULT '0' COMMENT '房间类型id',
  `price` decimal(10,2) NOT NULL DEFAULT '0.00' COMMENT '房间价格',
  `status` tinyint(2) NOT NULL DEFAULT '1' COMMENT '状态：1-启用，0-禁用',
  PRIMARY KEY (`id`)
) ENGINE=InnoDB AUTO_INCREMENT=121 DEFAULT CHARSET=utf8 COMMENT='房间信息表';

#
# Data for table "my_fjxx"
#

INSERT INTO `my_fjxx` VALUES (1,1,1580.00,1),(2,1,1580.00,1),(3,1,1580.00,1),(4,1,1580.00,1),(5,2,880.00,1),(6,2,880.00,1),(7,2,880.00,1),(8,2,880.00,1),(9,2,880.00,1),(10,2,880.00,1),(11,3,580.00,1),(12,3,580.00,1),(13,3,580.00,1),(14,3,580.00,1),(15,3,580.00,1),(16,3,580.00,1),(17,4,380.00,1),(18,4,380.00,1),(19,4,380.00,1),(20,4,380.00,1),(21,5,280.00,1),(22,5,280.00,1),(23,5,280.00,1),(24,5,280.00,1),(25,6,100.00,1),(26,6,100.00,1),(27,6,100.00,1),(28,6,100.00,1),(29,6,100.00,1),(30,6,100.00,1),(31,6,100.00,1),(32,6,100.00,1),(33,6,100.00,1),(34,6,100.00,1),(35,6,100.00,1),(36,6,100.00,1),(37,6,100.00,1),(38,6,100.00,1),(39,6,100.00,1),(40,6,100.00,1),(41,6,100.00,1),(42,6,100.00,1),(43,6,100.00,1),(44,6,100.00,1),(45,6,100.00,1),(46,6,100.00,1),(47,6,100.00,1),(48,6,100.00,1),(49,8,100.00,1),(50,8,100.00,1),(51,8,100.00,1),(52,8,100.00,1),(53,8,100.00,1),(54,8,100.00,1),(55,8,100.00,1),(56,8,100.00,1),(57,8,100.00,1),(58,8,100.00,1),(59,8,100.00,1),(60,8,100.00,1),(61,8,100.00,1),(62,8,100.00,1),(63,8,100.00,1),(64,8,100.00,1),(65,8,100.00,1),(66,8,100.00,1),(67,8,100.00,1),(68,8,100.00,1),(69,8,100.00,1),(70,8,100.00,1),(71,8,100.00,1),(72,8,100.00,1),(73,8,100.00,1),(74,8,100.00,1),(75,8,100.00,1),(76,8,100.00,1),(77,8,100.00,1),(78,8,100.00,1),(79,8,100.00,1),(80,8,100.00,1),(81,8,100.00,1),(82,8,100.00,1),(83,8,100.00,1),(84,8,100.00,1),(85,8,100.00,1),(86,8,100.00,1),(87,8,100.00,1),(88,8,100.00,1),(89,8,100.00,1),(90,8,100.00,1),(91,8,100.00,1),(92,8,100.00,1),(93,8,100.00,1),(94,8,100.00,1),(95,8,100.00,1),(96,8,100.00,1),(97,8,100.00,1),(98,8,100.00,1),(99,8,100.00,1),(100,8,100.00,1),(101,8,100.00,1),(102,8,100.00,1),(103,8,100.00,1),(104,8,100.00,1),(105,8,100.00,1),(106,8,100.00,1),(107,8,100.00,1),(108,8,100.00,1),(109,8,100.00,1),(110,8,100.00,1),(111,8,100.00,1),(112,8,100.00,1),(113,8,100.00,1),(114,8,100.00,1),(115,8,100.00,1),(116,8,100.00,1),(117,8,100.00,1),(118,8,100.00,1),(119,8,100.00,1),(120,8,100.00,1);

#
# Structure for table "my_gbt"
#

DROP TABLE IF EXISTS `my_gbt`;
CREATE TABLE `my_gbt` (
  `id` int(11) NOT NULL AUTO_INCREMENT,
  `title` varchar(25) NOT NULL DEFAULT '' COMMENT '出殡方式',
  `price` decimal(10,2) NOT NULL DEFAULT '0.00' COMMENT '价格',
  PRIMARY KEY (`id`)
) ENGINE=InnoDB AUTO_INCREMENT=5 DEFAULT CHARSET=utf8 ROW_FORMAT=DYNAMIC COMMENT='告别厅信息表';

#
# Data for table "my_gbt"
#

INSERT INTO `my_gbt` VALUES (1,'告别1厅',800.00),(2,'告别2厅',480.00),(3,'告别3厅',280.00),(4,'告别4厅',100.00);

#
# Structure for table "my_hhl"
#

DROP TABLE IF EXISTS `my_hhl`;
CREATE TABLE `my_hhl` (
  `id` int(11) NOT NULL AUTO_INCREMENT,
  `title` varchar(25) NOT NULL DEFAULT '' COMMENT '出殡方式',
  `price` decimal(10,2) NOT NULL DEFAULT '0.00' COMMENT '价格',
  `ls` int(11) NOT NULL DEFAULT '0' COMMENT '炉数',
  `zs` int(11) NOT NULL DEFAULT '0' COMMENT '组数',
  PRIMARY KEY (`id`)
) ENGINE=InnoDB AUTO_INCREMENT=2 DEFAULT CHARSET=utf8 ROW_FORMAT=DYNAMIC COMMENT='火化炉信息表';

#
# Data for table "my_hhl"
#

INSERT INTO `my_hhl` VALUES (1,'高档炉',800.00,5,10);

#
# Structure for table "my_hhllc"
#

DROP TABLE IF EXISTS `my_hhllc`;
CREATE TABLE `my_hhllc` (
  `id` int(11) NOT NULL AUTO_INCREMENT,
  `hhllc` int(11) NOT NULL DEFAULT '0' COMMENT '炉次',
  `hhlid` int(11) NOT NULL DEFAULT '0' COMMENT '火化炉id',
  PRIMARY KEY (`id`)
) ENGINE=InnoDB AUTO_INCREMENT=51 DEFAULT CHARSET=utf8 COMMENT='火化炉炉次信息表';

#
# Data for table "my_hhllc"
#

INSERT INTO `my_hhllc` VALUES (1,1,1),(2,1,1),(3,1,1),(4,1,1),(5,1,1),(6,2,1),(7,2,1),(8,2,1),(9,2,1),(10,2,1),(11,3,1),(12,3,1),(13,3,1),(14,3,1),(15,3,1),(16,4,1),(17,4,1),(18,4,1),(19,4,1),(20,4,1),(21,5,1),(22,5,1),(23,5,1),(24,5,1),(25,5,1),(26,6,1),(27,6,1),(28,6,1),(29,6,1),(30,6,1),(31,7,1),(32,7,1),(33,7,1),(34,7,1),(35,7,1),(36,8,1),(37,8,1),(38,8,1),(39,8,1),(40,8,1),(41,9,1),(42,9,1),(43,9,1),(44,9,1),(45,9,1),(46,10,1),(47,10,1),(48,10,1),(49,10,1),(50,10,1);

#
# Structure for table "my_jldw"
#

DROP TABLE IF EXISTS `my_jldw`;
CREATE TABLE `my_jldw` (
  `id` int(11) NOT NULL AUTO_INCREMENT,
  `title` varchar(45) NOT NULL DEFAULT '' COMMENT '标题',
  PRIMARY KEY (`id`)
) ENGINE=InnoDB AUTO_INCREMENT=37 DEFAULT CHARSET=utf8 ROW_FORMAT=COMPACT COMMENT='计量单位信息表';

#
# Data for table "my_jldw"
#

INSERT INTO `my_jldw` VALUES (1,'次'),(2,'个'),(3,'项'),(4,'张'),(5,'年'),(6,'盒'),(7,'天'),(8,'元'),(9,'条'),(10,'对'),(11,'部'),(12,'台'),(13,'组'),(14,'2个'),(15,'把'),(16,'个10'),(17,'双'),(18,'付'),(19,'间'),(20,'件'),(21,'快'),(22,'辆'),(23,'块'),(24,'副'),(25,'套'),(26,'捆'),(27,'面'),(28,'节'),(29,'只'),(30,'袋'),(31,'8'),(32,'瓶'),(33,'卷'),(34,'包'),(35,'支'),(36,'米');

#
# Structure for table "my_jmlx"
#

DROP TABLE IF EXISTS `my_jmlx`;
CREATE TABLE `my_jmlx` (
  `id` int(11) NOT NULL AUTO_INCREMENT,
  `title` varchar(25) NOT NULL DEFAULT '' COMMENT '财务项目',
  `sort` tinyint(2) NOT NULL DEFAULT '0' COMMENT '排序：asc',
  PRIMARY KEY (`id`)
) ENGINE=InnoDB AUTO_INCREMENT=6 DEFAULT CHARSET=utf8 ROW_FORMAT=DYNAMIC COMMENT='减免类型信息表';

#
# Data for table "my_jmlx"
#

INSERT INTO `my_jmlx` VALUES (1,'低保',0),(2,'五保',0),(3,'三无',0),(4,'无主',0),(5,'器官捐献',0);

#
# Structure for table "my_menu"
#

DROP TABLE IF EXISTS `my_menu`;
CREATE TABLE `my_menu` (
  `id` int(11) NOT NULL AUTO_INCREMENT,
  `title` varchar(25) NOT NULL DEFAULT '' COMMENT '标题',
  `status` tinyint(2) NOT NULL DEFAULT '0' COMMENT '状态',
  `sort` tinyint(3) NOT NULL DEFAULT '0' COMMENT '排序',
  PRIMARY KEY (`id`)
) ENGINE=InnoDB AUTO_INCREMENT=6 DEFAULT CHARSET=utf8 COMMENT='系统菜单信息表';

#
# Data for table "my_menu"
#

INSERT INTO `my_menu` VALUES (1,'系统管理',1,0),(2,'基础数据',1,0),(3,'日常业务',1,0),(4,'查询统计',1,0),(5,'仓管中心',1,0);

#
# Structure for table "my_qxgl"
#

DROP TABLE IF EXISTS `my_qxgl`;
CREATE TABLE `my_qxgl` (
  `id` int(11) NOT NULL AUTO_INCREMENT,
  `title` varchar(25) NOT NULL DEFAULT '' COMMENT '标题',
  PRIMARY KEY (`id`)
) ENGINE=InnoDB AUTO_INCREMENT=11 DEFAULT CHARSET=utf8 ROW_FORMAT=COMPACT COMMENT='区县信息表';

#
# Data for table "my_qxgl"
#

INSERT INTO `my_qxgl` VALUES (1,'银州区'),(2,'开发区'),(3,'铁岭县'),(4,'开原市'),(5,'昌图县'),(6,'新城区'),(7,'西丰县'),(8,'清河区'),(9,'调兵山市'),(10,'外县市区');

#
# Structure for table "my_rkzy"
#

DROP TABLE IF EXISTS `my_rkzy`;
CREATE TABLE `my_rkzy` (
  `ckid` int(11) NOT NULL DEFAULT '0' COMMENT '仓库id',
  `id` int(11) NOT NULL AUTO_INCREMENT,
  `xmid` int(11) NOT NULL DEFAULT '0' COMMENT '项目id',
  `nums` int(11) NOT NULL DEFAULT '0' COMMENT '入库数量',
  PRIMARY KEY (`id`)
) ENGINE=InnoDB DEFAULT CHARSET=utf8 COMMENT='项目入库信息表';

#
# Data for table "my_rkzy"
#


#
# Structure for table "my_role"
#

DROP TABLE IF EXISTS `my_role`;
CREATE TABLE `my_role` (
  `id` int(11) NOT NULL AUTO_INCREMENT,
  `name` varchar(20) NOT NULL COMMENT '角色名称',
  `pid` int(11) NOT NULL COMMENT '上一级id',
  `status` tinyint(1) NOT NULL COMMENT '状态',
  PRIMARY KEY (`id`)
) ENGINE=InnoDB AUTO_INCREMENT=3 DEFAULT CHARSET=utf8 COMMENT='角色信息表';

#
# Data for table "my_role"
#

INSERT INTO `my_role` VALUES (1,'超级管理员',0,1),(2,'普通管理员',0,1);

#
# Structure for table "my_role_auth"
#

DROP TABLE IF EXISTS `my_role_auth`;
CREATE TABLE `my_role_auth` (
  `role_id` int(11) NOT NULL COMMENT '角色ID',
  `auth_id` int(11) NOT NULL COMMENT '权限ID',
  KEY `role_id` (`role_id`),
  KEY `auth_id` (`auth_id`)
) ENGINE=InnoDB DEFAULT CHARSET=utf8 COMMENT='角色权限关联信息表';

#
# Data for table "my_role_auth"
#

INSERT INTO `my_role_auth` VALUES (2,1),(2,2),(2,3),(2,19),(1,2),(1,3),(1,19),(1,5),(1,6),(1,7),(1,8),(1,9),(1,10),(1,11),(1,12),(1,13),(1,14),(1,15),(1,16),(1,20),(1,21),(1,18),(1,22),(1,23),(1,25),(1,32),(1,33),(1,34),(1,26),(1,35),(1,36),(1,37),(1,38),(1,27),(1,39),(1,40),(1,41),(1,28),(1,42),(1,43),(1,44),(1,29),(1,45),(1,46),(1,47),(1,30),(1,48),(1,49),(1,50),(1,31),(1,51),(1,52),(1,53),(1,55),(1,56),(1,57),(1,58),(1,59),(1,60),(1,61),(1,62),(1,63),(1,64),(1,65),(1,66),(1,67),(1,68),(1,69),(1,70),(1,71),(1,72),(1,73),(1,74),(1,114),(1,115),(1,117),(1,118),(1,119),(1,120),(1,121),(1,76),(1,77),(1,78),(1,79),(1,80),(1,81),(1,82),(1,83),(1,84),(1,85),(1,86),(1,87),(1,89),(1,90),(1,91),(1,92),(1,93),(1,94),(1,95),(1,96),(1,97),(1,99),(1,100),(1,101),(1,102),(1,103),(1,104),(1,105),(1,106),(1,107),(1,109),(1,111),(1,112),(1,113),(1,110);

#
# Structure for table "my_swyy"
#

DROP TABLE IF EXISTS `my_swyy`;
CREATE TABLE `my_swyy` (
  `id` int(11) NOT NULL AUTO_INCREMENT,
  `title` varchar(25) NOT NULL DEFAULT '' COMMENT '标题',
  PRIMARY KEY (`id`)
) ENGINE=InnoDB AUTO_INCREMENT=9 DEFAULT CHARSET=utf8 ROW_FORMAT=COMPACT COMMENT='死亡原因信息表';

#
# Data for table "my_swyy"
#

INSERT INTO `my_swyy` VALUES (1,'病故'),(2,'车祸'),(3,'意外'),(4,'服毒'),(5,'烧炭'),(6,'上吊'),(7,'溺水'),(8,'高坠亡');

#
# Structure for table "my_sy"
#

DROP TABLE IF EXISTS `my_sy`;
CREATE TABLE `my_sy` (
  `id` int(11) NOT NULL AUTO_INCREMENT,
  `title` varchar(45) NOT NULL DEFAULT '' COMMENT '标题',
  PRIMARY KEY (`id`)
) ENGINE=InnoDB AUTO_INCREMENT=6 DEFAULT CHARSET=utf8 ROW_FORMAT=COMPACT COMMENT='司仪信息表';

#
# Data for table "my_sy"
#

INSERT INTO `my_sy` VALUES (1,'辛'),(2,'汪'),(3,'华'),(4,'白'),(5,'斌');

#
# Structure for table "my_tkxm"
#

DROP TABLE IF EXISTS `my_tkxm`;
CREATE TABLE `my_tkxm` (
  `id` int(11) NOT NULL AUTO_INCREMENT,
  `title` varchar(25) NOT NULL DEFAULT '' COMMENT '财务项目',
  `sort` tinyint(2) NOT NULL DEFAULT '0' COMMENT '排序：asc',
  PRIMARY KEY (`id`)
) ENGINE=InnoDB AUTO_INCREMENT=7 DEFAULT CHARSET=utf8 ROW_FORMAT=DYNAMIC COMMENT='退款项目信息表';

#
# Data for table "my_tkxm"
#

INSERT INTO `my_tkxm` VALUES (1,'火化费',0),(2,'接尸费',0),(3,'存尸费',0),(4,'寄存费',0),(5,'骨灰盒',0),(6,'纸棺',0);

#
# Structure for table "my_user"
#

DROP TABLE IF EXISTS `my_user`;
CREATE TABLE `my_user` (
  `id` int(11) NOT NULL AUTO_INCREMENT,
  `uname` varchar(25) NOT NULL COMMENT '账号',
  `upass` varchar(65) NOT NULL COMMENT '密码',
  `salt` char(20) NOT NULL COMMENT '密码混淆码',
  `create_time` int(11) NOT NULL COMMENT '创建时间',
  `update_time` int(11) NOT NULL COMMENT '更新时间',
  `login_counts` int(11) NOT NULL COMMENT '登录次数',
  `status` tinyint(1) NOT NULL COMMENT '状态:-1：删除，0-禁用，1-启用',
  `last_time` int(11) NOT NULL COMMENT '最近登录时间',
  `name` varchar(20) NOT NULL COMMENT '姓名',
  `sex` varchar(5) NOT NULL COMMENT '性别',
  `email` varchar(65) NOT NULL COMMENT '邮箱',
  `phone` varchar(20) NOT NULL COMMENT '手机',
  PRIMARY KEY (`id`)
) ENGINE=InnoDB AUTO_INCREMENT=3 DEFAULT CHARSET=utf8 COMMENT='用户信息表';

#
# Data for table "my_user"
#

INSERT INTO `my_user` VALUES (1,'admin','0c41d337f0be21362f3f918b876b3960e35b7cbf','efing.20190428',1556422121,1556634147,24,1,1561622235,'刘仁','男','lnvcliuren@163.com','15841026596'),(2,'test','4415d016ad332552fe8c8154c98ded16','',1560389602,1560389602,0,1,0,'测试员','男','test@163.com','15112345678');

#
# Structure for table "my_user_role"
#

DROP TABLE IF EXISTS `my_user_role`;
CREATE TABLE `my_user_role` (
  `role_id` int(11) NOT NULL COMMENT '角色ID',
  `user_id` int(11) NOT NULL COMMENT '用户ID'
) ENGINE=InnoDB DEFAULT CHARSET=utf8 COMMENT='用户角色关联信息表';

#
# Data for table "my_user_role"
#

INSERT INTO `my_user_role` VALUES (1,1),(1,4),(2,5),(2,2);

#
# Structure for table "my_xmfl"
#

DROP TABLE IF EXISTS `my_xmfl`;
CREATE TABLE `my_xmfl` (
  `id` int(11) NOT NULL AUTO_INCREMENT,
  `title` varchar(20) NOT NULL DEFAULT '' COMMENT '分类标题',
  `pid` int(11) NOT NULL DEFAULT '0' COMMENT '上级id',
  `status` tinyint(2) NOT NULL DEFAULT '1' COMMENT '状态：0-关闭，1-开启',
  `desc` varchar(120) DEFAULT NULL COMMENT '备注',
  PRIMARY KEY (`id`)
) ENGINE=InnoDB AUTO_INCREMENT=3 DEFAULT CHARSET=utf8 ROW_FORMAT=DYNAMIC COMMENT='项目分类信息表';

#
# Data for table "my_xmfl"
#

INSERT INTO `my_xmfl` VALUES (1,'服务项目',0,1,NULL),(2,'殡葬项目',0,1,NULL);

#
# Structure for table "my_xmxx"
#

DROP TABLE IF EXISTS `my_xmxx`;
CREATE TABLE `my_xmxx` (
  `id` int(11) NOT NULL AUTO_INCREMENT,
  `xmbh` varchar(20) NOT NULL COMMENT '项目编号',
  `xmmc` varchar(20) NOT NULL COMMENT '项目名称',
  `dw` varchar(20) DEFAULT NULL COMMENT '单位',
  `sj` float NOT NULL COMMENT '售价',
  `flid` int(11) NOT NULL DEFAULT '0' COMMENT '分类id',
  `xmbm` varchar(20) DEFAULT NULL COMMENT '项目编码',
  PRIMARY KEY (`id`),
  KEY `lb_id` (`flid`)
) ENGINE=InnoDB AUTO_INCREMENT=376 DEFAULT CHARSET=utf8 ROW_FORMAT=DYNAMIC COMMENT='项目信息表‘';

#
# Data for table "my_xmxx"
#

INSERT INTO `my_xmxx` VALUES (1,'00001','擦洗','次',0,1,'CX'),(2,'00002','茶杯','个',10,1,'CB'),(3,'00003','茶具','个',10,1,'CJ'),(4,'00004','茶具托盘','个',20,1,'CJTP'),(5,'00005','车费','次',0,1,'CF'),(6,'00006','出殡抬尸','项',0,1,'CTS'),(7,'00007','穿脱衣','次',0,1,'CTY'),(8,'00008','穿衣服','项',0,1,'CYF'),(9,'00009','存尸体费','项',0,1,'CSTF'),(10,'00010','低保','项',94,1,'DB'),(11,'00011','防潮盒','个',150,1,'FCH'),(12,'00012','防臭袋','个',20,1,'FCD'),(13,'00013','房卡','张',50,1,'FK'),(14,'00014','缝合','次',0,1,'FH'),(15,'00015','复印费','张',1,1,'FYF'),(16,'00016','感恩被','个',80,1,'GEB'),(17,'00017','骨灰寄存费','年',0,1,'GHJCF'),(18,'00018','骨灰寄存证工本费','盒',5,1,'GHJCZGBF'),(19,'00019','花洒软连接管','个',50,1,'HSRLJG'),(20,'00020','祭奠证','个',100,1,'JDZ'),(21,'00021','寄存间房费','天',280,1,'JCJFF'),(22,'00022','寄存证工本费','元',5,1,'JCZGBF'),(23,'00023','接尸费','',0,1,'JSF'),(24,'00024','聚宝盆','个',10,1,'JBP'),(25,'00025','开光棍','个',5,1,'KGG'),(26,'00026','客电遥控器','个',20,1,'KDYKQ'),(27,'00027','客房办公桌','个',380,1,'KFBGZ'),(28,'00028','客房被芯','条',120,1,'KFB'),(29,'00029','客房被罩','条',100,1,'KFBZ'),(30,'00030','客房插排','个',50,1,'KFCP'),(31,'00031','客房茶杯','个',20,1,'KFCB'),(32,'00032','客房茶壶','个',30,1,'KFCH'),(33,'00033','客房窗帘薄','对',500,1,'KFCLB'),(34,'00034','客房窗帘厚','对',800,1,'KFCLH'),(35,'00035','客房床单','条',80,1,'KFCD'),(36,'00036','客房床垫','个',220,1,'KFCD'),(37,'00037','客房床护垫','个',80,1,'KFCHD'),(38,'00038','客房床头柜','个',150,1,'KFCTG'),(39,'00039','客房电话','部',60,1,'KFDH'),(40,'00040','客房电视','台',3500,1,'KFDS'),(41,'00041','客房电水壶','个',60,1,'KFDSH'),(42,'00042','客房费','天',150,1,'KFF'),(43,'00043','客房盖杯','个',20,1,'KFGB'),(44,'00044','客房挂画','组',200,1,'KFGH'),(45,'00045','客房花洒','个',800,1,'KFHS'),(46,'00046','客房机顶盒','个',300,1,'KFJDH'),(47,'00047','客房空调','台',2500,1,'KFKD'),(48,'00048','客房裤夹','个',3,1,'KFKJ'),(49,'00049','客房垃圾桶','个',30,1,'KFLJT'),(50,'00050','客房毛巾','条',20,1,'KFMJ'),(51,'00051','客房木床','2个',600,1,'KFMC'),(52,'00052','客房木靠椅','把',260,1,'KFMKY'),(53,'00053','客房热水壶','个',60,1,'KFRSH'),(54,'00054','客房热水器','台',2000,1,'KFRSQ'),(55,'00055','客房漱口杯','个',10,1,'KFSKB'),(56,'00056','客房托盘','个10',0,1,'KFTP'),(57,'00057','客房拖鞋','双',15,1,'KFT'),(58,'00058','客房洗手盆','个',1500,1,'KFXSP'),(59,'00059','客房烟缸','个',10,1,'KFYG'),(60,'00060','客房衣挂','个',3,1,'KFYG'),(61,'00061','客房枕套','个',50,1,'KFZT'),(62,'00062','客房枕芯','个',50,1,'KFZ'),(63,'00063','客房坐便','个',1000,1,'KFZB'),(64,'00064','客空遥控器','个',20,1,'KKYKQ'),(65,'00065','客双开衣柜','个',1000,1,'KSKYG'),(66,'00066','麻将牌','付',300,1,'MJP'),(67,'00067','美容','次',0,1,'MR'),(68,'00068','棋牌室','间',150,1,'QPS'),(69,'00069','人工抬轿','次',500,1,'RGTJ'),(70,'00070','尸检','次',0,1,'SJ'),(71,'00071','尸检用品','件',200,1,'SJYP'),(72,'00072','尸体处理','次',0,1,'STCL'),(73,'00073','尸体解冻','次',0,1,'STJD'),(74,'00074','司仪服务','次',300,1,'SYFW'),(75,'00075','司仪开光','次',100,1,'SYKG'),(76,'00076','抬轿','项',500,1,'TJ'),(77,'00077','抬尸','次',0,1,'TS'),(78,'00078','头部整形','次',0,1,'TBZX'),(79,'00079','退车费','次',0,1,'TCF'),(80,'00080','退存尸费','天',100,1,'TCSF'),(81,'00081','退围棺鲜花','天',0,1,'TGXH'),(82,'00082','退遗像','项',80,1,'TYX'),(83,'00083','脱衣','次',0,1,'TY'),(84,'00084','脱衣.翻身（尸检）','次',0,1,'TY.FSSJ'),(85,'00085','挽联纸','张',2,1,'WLZ'),(86,'00086','围棺鲜花300','次',300,1,'GXH300'),(87,'00087','围棺鲜花500','次',500,1,'GXH500'),(88,'00088','围棺鲜花800','次',800,1,'GXH800'),(89,'00089','下葬金银屋','个',30,1,'XZJYW'),(90,'00090','现场抬尸','次',0,1,'XCTS'),(91,'00091','小照片','个',10,1,'ZP'),(92,'00092','钥匙牌丢失','快',100,1,'YCPDS'),(93,'00093','整容','次',0,1,'ZR'),(94,'00094','转间抬尸','项',0,1,'ZJTS'),(95,'00095','租车（半截子）','辆',100,1,'ZCBJZ'),(96,'00096','租车（电动）费','台',50,1,'ZCDDF'),(97,'00097','35寸遗像','张',80,2,'35CYX'),(98,'00098','3尺红布','块',10,2,'3CHB'),(99,'00099','5尺红布','块',15,2,'5CHB'),(100,'00100','7尺红布','块',20,2,'7CHB'),(101,'00101','7尺孝带','条',8,2,'7CD'),(102,'00102','9尺孝带','条',15,2,'9CD'),(103,'00103','哀乐盒','个',12,2,'ALH'),(104,'00104','白色衬衫','件',40,2,'BSCS'),(105,'00105','白手套','副',2,2,'BST'),(106,'00106','北京单鞋','双',35,2,'BJD'),(107,'00107','北京棉鞋','双',25,2,'BJM'),(108,'00108','车头花','个',30,2,'CTH'),(109,'00109','衬衣衬裤','套',30,2,'CYCK'),(110,'00110','大白花','个',2,2,'DBH'),(111,'00111','大果盘','个',8,2,'DGP'),(112,'00112','大冥币','捆',5,2,'DB'),(113,'00113','大纸','个',10,2,'DZ'),(114,'00114','单子','个',70,2,'DZ'),(115,'00115','单子褥子','件',90,2,'DZRZ'),(116,'00116','党旗','面',50,2,'DQ'),(117,'00117','凳子损坏','个',50,2,'DZSH'),(118,'00118','低档五件套寿衣','套',200,2,'DDWJTSY'),(119,'00119','电池','节',1,2,'DC'),(120,'00120','电蜡','件',10,2,'DL'),(121,'00121','电香','件',10,2,'DX'),(122,'00122','电香蜡损坏','项',60,2,'DXLSH'),(123,'00123','碟','个',5,2,'D'),(124,'00124','斗篷','件',90,2,'DP'),(125,'00125','方便袋','件',1,2,'FBD'),(126,'00126','防尘罩','个',30,2,'FCZ'),(127,'00127','防风蜡','件',40,2,'FFL'),(128,'00128','风衣','件',80,2,'FY'),(129,'00129','佛单','条',60,2,'FD'),(130,'00130','高档防尘四件套','件',90,2,'GDFCSJT'),(131,'00131','高档寿衣','套',1180,2,'GDSY'),(132,'00132','高档寿衣','件',880,2,'GDSY'),(133,'00133','供果','套',50,2,'GG'),(134,'00134','骨灰盒','个',0,2,'GHH'),(135,'00135','骨灰盒10800','盒',10800,2,'GHH10800'),(136,'00136','骨灰盒10800','个',10800,2,'GHH10800'),(137,'00137','骨灰盒1280','盒',1280,2,'GHH1280'),(138,'00138','骨灰盒13000','盒',13000,2,'GHH13000'),(139,'00139','骨灰盒13000','个',13000,2,'GHH13000'),(140,'00140','骨灰盒13800','盒',13800,2,'GHH13800'),(141,'00141','骨灰盒13800','个',13800,2,'GHH13800'),(142,'00142','骨灰盒15600','盒',15600,2,'GHH15600'),(143,'00143','骨灰盒15600','个',15600,2,'GHH15600'),(144,'00144','骨灰盒1580','盒',1580,2,'GHH1580'),(145,'00145','骨灰盒166','盒',166,2,'GHH166'),(146,'00146','骨灰盒188','个',188,2,'GHH188'),(147,'00147','骨灰盒190','盒',190,2,'GHH190'),(148,'00148','骨灰盒1980','盒',1980,2,'GHH1980'),(149,'00149','骨灰盒2180','个',2180,2,'GHH2180'),(150,'00150','骨灰盒22000','盒',22000,2,'GHH22000'),(151,'00151','骨灰盒22000','个',22000,2,'GHH22000'),(152,'00152','骨灰盒226','盒',226,2,'GHH226'),(153,'00153','骨灰盒228','盒',228,2,'GHH228'),(154,'00154','骨灰盒238','盒',238,2,'GHH238'),(155,'00155','骨灰盒2380','个',2380,2,'GHH2380'),(156,'00156','骨灰盒258','件',258,2,'GHH258'),(157,'00157','骨灰盒2580','盒',2580,2,'GHH2580'),(158,'00158','骨灰盒276','盒',276,2,'GHH276'),(159,'00159','骨灰盒2850','件',2850,2,'GHH2850'),(160,'00160','骨灰盒297','盒',297,2,'GHH297'),(161,'00161','骨灰盒2990','盒',2990,2,'GHH2990'),(162,'00162','骨灰盒3200','盒',3200,2,'GHH3200'),(163,'00163','骨灰盒3500','盒',3500,2,'GHH3500'),(164,'00164','骨灰盒356','盒',356,2,'GHH356'),(165,'00165','骨灰盒360','盒',360,2,'GHH360'),(166,'00166','骨灰盒3600','项',3600,2,'GHH3600'),(167,'00167','骨灰盒378','盒',378,2,'GHH378'),(168,'00168','骨灰盒3800','个',3800,2,'GHH3800'),(169,'00169','骨灰盒386','盒',386,2,'GHH386'),(170,'00170','骨灰盒398','盒',398,2,'GHH398'),(171,'00171','骨灰盒406','盒',406,2,'GHH406'),(172,'00172','骨灰盒415','盒',415,2,'GHH415'),(173,'00173','骨灰盒426','盒',426,2,'GHH426'),(174,'00174','骨灰盒428','盒',428,2,'GHH428'),(175,'00175','骨灰盒430','盒',430,2,'GHH430'),(176,'00176','骨灰盒436','盒',436,2,'GHH436'),(177,'00177','骨灰盒436','个',436,2,'GHH436'),(178,'00178','骨灰盒448','盒',448,2,'GHH448'),(179,'00179','骨灰盒460','盒',460,2,'GHH460'),(180,'00180','骨灰盒4600','盒',4600,2,'GHH4600'),(181,'00181','骨灰盒480','盒',480,2,'GHH480'),(182,'00182','骨灰盒4800','个',4800,2,'GHH4800'),(183,'00183','骨灰盒4900','个',4900,2,'GHH4900'),(184,'00184','骨灰盒516','盒',516,2,'GHH516'),(185,'00185','骨灰盒520','盒',520,2,'GHH520'),(186,'00186','骨灰盒528','盒',528,2,'GHH528'),(187,'00187','骨灰盒538','盒',538,2,'GHH538'),(188,'00188','骨灰盒546','盒',546,2,'GHH546'),(189,'00189','骨灰盒546','盒',546,2,'GHH546'),(190,'00190','骨灰盒5500','盒',5500,2,'GHH5500'),(191,'00191','骨灰盒555','件',555,2,'GHH555'),(192,'00192','骨灰盒565','盒',565,2,'GHH565'),(193,'00193','骨灰盒576','盒',576,2,'GHH576'),(194,'00194','骨灰盒588','盒',588,2,'GHH588'),(195,'00195','骨灰盒5880','盒',5880,2,'GHH5880'),(196,'00196','骨灰盒598','个',598,2,'GHH598'),(197,'00197','骨灰盒606','盒',606,2,'GHH606'),(198,'00198','骨灰盒617','盒',617,2,'GHH617'),(199,'00199','骨灰盒626','盒',626,2,'GHH626'),(200,'00200','骨灰盒637','盒',637,2,'GHH637'),(201,'00201','骨灰盒642','盒',642,2,'GHH642'),(202,'00202','骨灰盒655','盒',655,2,'GHH655'),(203,'00203','骨灰盒6600','个',6600,2,'GHH6600'),(204,'00204','骨灰盒666','盒',666,2,'GHH666'),(205,'00205','骨灰盒678','盒',678,2,'GHH678'),(206,'00206','骨灰盒6800','盒',6800,2,'GHH6800'),(207,'00207','骨灰盒688','盒',688,2,'GHH688'),(208,'00208','骨灰盒696','盒',696,2,'GHH696'),(209,'00209','骨灰盒722','盒',722,2,'GHH722'),(210,'00210','骨灰盒736','个',736,2,'GHH736'),(211,'00211','骨灰盒736','盒',736,2,'GHH736'),(212,'00212','骨灰盒739','盒',739,2,'GHH739'),(213,'00213','骨灰盒7600','盒',7600,2,'GHH7600'),(214,'00214','骨灰盒780','盒',780,2,'GHH780'),(215,'00215','骨灰盒780','个',780,2,'GHH780'),(216,'00216','骨灰盒7800','个',7800,2,'GHH7800'),(217,'00217','骨灰盒880','盒',880,2,'GHH880'),(218,'00218','骨灰盒8800','盒',8800,2,'GHH8800'),(219,'00219','骨灰盒896','盒',896,2,'GHH896'),(220,'00220','骨灰盒94','盒',94,2,'GHH94'),(221,'00221','骨灰盒988','盒',988,2,'GHH988'),(222,'00222','骨灰盒996','盒',996,2,'GHH996'),(223,'00223','骨灰盒罩','个',40,2,'GHHZ'),(224,'00224','黑纱','个',2,2,'HS'),(225,'00225','红布','块',15,2,'HB'),(226,'00226','红布9尺','个',30,2,'HB9C'),(227,'00227','红布袋','个',6,2,'HBD'),(228,'00228','红绸','个',15,2,'HC'),(229,'00229','红手套','副',5,2,'HST'),(230,'00230','花篮','对',150,2,'HL'),(231,'00231','花篮','对',200,2,'HL'),(232,'00232','花圈','个',0,2,'HQ'),(233,'00233','花圈（孝圈）','个',120,2,'HQQ'),(234,'00234','火柴','盒',1,2,'HC'),(235,'00235','鸡','只',10,2,'J'),(236,'00236','祭奠','次',10,2,'JD'),(237,'00237','祭品冰箱','个',15,2,'JPBX'),(238,'00238','祭品电话','个',15,2,'JPDH'),(239,'00239','祭品电视','个',15,2,'JPDS'),(240,'00240','祭品红地毯','个',15,2,'JPHDT'),(241,'00241','祭品轿车','个',15,2,'JPJC'),(242,'00242','祭品空调','个',15,2,'JPKD'),(243,'00243','祭品属相','个',15,2,'JPSX'),(244,'00244','祭品松树','个',15,2,'JPSS'),(245,'00245','祭品童男女','对',15,2,'JPTNN'),(246,'00246','祭品洗衣机','个',15,2,'JPXYJ'),(247,'00247','祭品小花圈','对',15,2,'JPHQ'),(248,'00248','祭品元宝','个',15,2,'JPYB'),(249,'00249','寄存祭品','套',138,2,'JCJP'),(250,'00250','剪子','把',10,2,'JZ'),(251,'00251','教衣五件套','套',300,2,'JYWJT'),(252,'00252','戒指','个',5,2,'JZ'),(253,'00253','金首饰','套',40,2,'JSS'),(254,'00254','金丝绒斗篷','件',60,2,'JSRDP'),(255,'00255','金条','袋',5,2,'JT'),(256,'00256','金元宝','袋',5,2,'JYB'),(257,'00257','精装元宝','8',8,2,'JZYB'),(258,'00258','酒','瓶',10,2,'J'),(259,'00259','酒盅','个',2,2,'JZ'),(260,'00260','客房毛巾','条',20,2,'KFMJ'),(261,'00261','客房烟灰缸','个',10,2,'KFYHG'),(262,'00262','口铃','个',5,2,'KL'),(263,'00263','筷子','双',2,2,'KZ'),(264,'00264','垃圾桶损坏','个',30,2,'LJTSH'),(265,'00265','脸布','个',10,2,'LB'),(266,'00266','淋浴器','项',50,2,'LYQ'),(267,'00267','六连包烧纸','捆',25,2,'LLBSZ'),(268,'00268','马人仿真','个',200,2,'MRFZ'),(269,'00269','马人纸','个',120,2,'MRZ'),(270,'00270','毛巾','条',10,2,'MJ'),(271,'00271','帽子','个',0,2,'MZ'),(272,'00272','棉衣棉裤','件',60,2,'MYMK'),(273,'00273','冥币','捆',3,2,'B'),(274,'00274','木茶几','个',800,2,'MCJ'),(275,'00275','男绵衬衫','套',60,2,'NMCS'),(276,'00276','牛人仿真','个',200,2,'NRFZ'),(277,'00277','牛人纸','个',120,2,'NRZ'),(278,'00278','女唐装','套',220,2,'NTZ'),(279,'00279','盘子','个',4,2,'PZ'),(280,'00280','彷水晶冰箱','个',35,2,'SJBX'),(281,'00281','彷水晶电脑','个',35,2,'SJDN'),(282,'00282','彷水晶电视机','项',35,2,'SJDSJ'),(283,'00283','彷水晶祭品','套',105,2,'SJJP'),(284,'00284','彷水晶空调','个',35,2,'SJKD'),(285,'00285','彷水晶手机','项',35,2,'SJSJ'),(286,'00286','彷水晶洗衣机','项',35,2,'SJXYJ'),(287,'00287','彷水晶饮水机','个',35,2,'SJYSJ'),(288,'00288','盆','个',10,2,'P'),(289,'00289','铺金盖银','套',20,2,'PJGY'),(290,'00290','七连包烧纸','捆',15,2,'QLBSZ'),(291,'00291','七星钱','个',5,2,'QXQ'),(292,'00292','青纱','次',10,2,'QS'),(293,'00293','三件套寿衣','件',480,2,'SJTSY'),(294,'00294','上望冰箱','个',20,2,'SWBX'),(295,'00295','上望电脑','个',10,2,'SWDN'),(296,'00296','上望电视','个',15,2,'SWDS'),(297,'00297','上望轿车','辆',15,2,'SWJC'),(298,'00298','上望金银库','对',20,2,'SWJYK'),(299,'00299','上望金银山','个',20,2,'SWJYS'),(300,'00300','上望空调','个',20,2,'SWKD'),(301,'00301','上望楼房','个',30,2,'SWLF'),(302,'00302','上望洗衣机','个',15,2,'SWXYJ'),(303,'00303','上望摇钱树','个',15,2,'SWYQS'),(304,'00304','上望饮水机','个',15,2,'SWYSJ'),(305,'00305','上望用品','套',195,2,'SWYP'),(306,'00306','尸袋','条',200,2,'SD'),(307,'00307','手脚绳','个',5,2,'SJS'),(308,'00308','手写灵位','个',10,2,'SL'),(309,'00309','漱口杯','个',10,2,'SKB'),(310,'00310','双面胶','瓶',2,2,'SMJ'),(311,'00311','水杯','个',20,2,'SB'),(312,'00312','水晶祭品','盒',105,2,'SJJP'),(313,'00313','水晶灵位','个',0,2,'SJL'),(314,'00314','送尸车费','次',0,2,'SSCF'),(315,'00315','塑料袋','个',1,2,'SLD'),(316,'00316','塑料尸袋','条',20,2,'SLSD'),(317,'00317','损坏烟灰缸','项',10,2,'SHYHG'),(318,'00318','童男童女','对',60,2,'TNTN'),(319,'00319','头脚枕','对',25,2,'TJZ'),(320,'00320','袜子','双',5,2,'WZ'),(321,'00321','卫生隔离垫','个',15,2,'WSGLD'),(322,'00322','卫生纸','卷',3,2,'WSZ'),(323,'00323','五谷粮','袋',5,2,'WGL'),(324,'00324','五连包烧纸','捆',30,2,'WLBSZ'),(325,'00325','五盆花','个',20,2,'WPH'),(326,'00326','西服','套',260,2,'XF'),(327,'00327','下葬冰箱','个',20,2,'XZBX'),(328,'00328','下葬茶具','个',20,2,'XZCJ'),(329,'00329','下葬大金砖','对',40,2,'XZDJZ'),(330,'00330','下葬大钱','袋',30,2,'XZDQ'),(331,'00331','下葬电视','个',20,2,'XZDS'),(332,'00332','下葬红地毯','个',30,2,'XZHDT'),(333,'00333','下葬祭品','个',198,2,'XZJP'),(334,'00334','下葬轿车','项',20,2,'XZJC'),(335,'00335','下葬金蟾','套',40,2,'XZJ'),(336,'00336','下葬金条','个',40,2,'XZJT'),(337,'00337','下葬金元宝','件',40,2,'XZJYB'),(338,'00338','下葬酒具','件',20,2,'XZJJ'),(339,'00339','下葬聚宝盆','个',20,2,'XZJBP'),(340,'00340','下葬马拉宝','个',20,2,'XZMLB'),(341,'00341','下葬牛拉宝','个',10,2,'XZNLB'),(342,'00342','下葬七星板','个',30,2,'XZQXB'),(343,'00343','下葬三缸','个',30,2,'XZSG'),(344,'00344','下葬手机','个',20,2,'XZSJ'),(345,'00345','下葬童男女','对',20,2,'XZTNN'),(346,'00346','下葬文房四宝','套',20,2,'XZWFSB'),(347,'00347','下葬洗衣机','个',20,2,'XZXYJ'),(348,'00348','下葬摇钱树','个',20,2,'XZYQS'),(349,'00349','下葬鱼缸','个',20,2,'XZYG'),(350,'00350','下葬镇宅四宝','套',40,2,'XZZZSB'),(351,'00351','香','捆',5,2,'X'),(352,'00352','香炉','个',10,2,'XL'),(353,'00353','消毒费','项',10,2,'XDF'),(354,'00354','消毒巾','包',20,2,'XDJ'),(355,'00355','小白花','个',0.5,2,'BH'),(356,'00356','小果盘','个',4,2,'GP'),(357,'00357','孝垫','个',13,2,'D'),(358,'00358','孝牌','个',1,2,'P'),(359,'00359','孝衣孝帽','套',20,2,'YM'),(360,'00360','鞋','双',25,2,''),(361,'00361','血样试管','个',5,2,'XYSG'),(362,'00362','遥控器','个',20,2,'YKQ'),(363,'00363','钥匙牌','个',30,2,'YCP'),(364,'00364','引魂帆','个',10,2,'YHF'),(365,'00365','元宝','袋',5,2,'YB'),(366,'00366','枕套','件',50,2,'ZT'),(367,'00367','纸杯','袋',10,2,'ZB'),(368,'00368','纸棺','个',0,2,'ZG'),(369,'00369','纸棺','个',80,2,'ZG'),(370,'00370','纸棺','个',120,2,'ZG'),(371,'00371','纸棺180','个',180,2,'ZG180'),(372,'00372','纸棺300','个',300,2,'ZG300'),(373,'00373','纸钱','袋',2,2,'ZQ'),(374,'00374','中山装','件',80,2,'ZSZ'),(375,'00375','注射器','支',30,2,'ZSQ');

#
# Structure for table "my_yszgx"
#

DROP TABLE IF EXISTS `my_yszgx`;
CREATE TABLE `my_yszgx` (
  `id` int(11) NOT NULL AUTO_INCREMENT,
  `title` varchar(25) NOT NULL DEFAULT '' COMMENT '标题',
  PRIMARY KEY (`id`)
) ENGINE=InnoDB AUTO_INCREMENT=19 DEFAULT CHARSET=utf8 ROW_FORMAT=COMPACT COMMENT='与死者关系信息表';

#
# Data for table "my_yszgx"
#

INSERT INTO `my_yszgx` VALUES (1,'儿子'),(2,'女儿'),(3,'妻子'),(4,'丈夫'),(5,'女婿'),(6,'儿媳'),(7,'父亲'),(8,'母亲'),(9,'兄弟'),(10,'兄妹'),(11,'姐弟'),(12,'姊妹'),(13,'外孙子'),(14,'孙子'),(15,'外孙女'),(16,'孙女'),(17,'朋友'),(18,'其他');

#
# Structure for table "my_ytysfs"
#

DROP TABLE IF EXISTS `my_ytysfs`;
CREATE TABLE `my_ytysfs` (
  `id` int(11) NOT NULL AUTO_INCREMENT,
  `title` varchar(45) NOT NULL DEFAULT '' COMMENT '标题',
  PRIMARY KEY (`id`)
) ENGINE=InnoDB AUTO_INCREMENT=4 DEFAULT CHARSET=utf8 ROW_FORMAT=COMPACT COMMENT='遗体运送方式信息表';

#
# Data for table "my_ytysfs"
#

INSERT INTO `my_ytysfs` VALUES (1,'由铁岭市殡仪服务中心殡仪车辆接运遗体'),(2,'由逝者家属自已运送遗体'),(3,'外市殡仪车辆运送到铁岭殡仪服务中心');

#
# Structure for table "my_zbr"
#

DROP TABLE IF EXISTS `my_zbr`;
CREATE TABLE `my_zbr` (
  `id` int(11) NOT NULL AUTO_INCREMENT,
  `title` varchar(25) NOT NULL DEFAULT '' COMMENT '标题',
  PRIMARY KEY (`id`)
) ENGINE=InnoDB AUTO_INCREMENT=3 DEFAULT CHARSET=utf8 ROW_FORMAT=COMPACT COMMENT='值班人信息表';

#
# Data for table "my_zbr"
#

INSERT INTO `my_zbr` VALUES (1,'张班'),(2,'刘班');

#
# Structure for table "my_zj"
#

DROP TABLE IF EXISTS `my_zj`;
CREATE TABLE `my_zj` (
  `id` int(11) NOT NULL AUTO_INCREMENT,
  `title` varchar(45) NOT NULL DEFAULT '' COMMENT '标题',
  PRIMARY KEY (`id`)
) ENGINE=InnoDB AUTO_INCREMENT=5 DEFAULT CHARSET=utf8 ROW_FORMAT=COMPACT COMMENT='证件信息表';

#
# Data for table "my_zj"
#

INSERT INTO `my_zj` VALUES (1,'殡葬证'),(2,'火化介绍信'),(3,'通知书'),(4,'医院证明书');
